"","ISSN","TIETOLAHDE","P_ARTIKKELI","PAANIMEKE","M_ARTIKKELI","MUUNIMEKETIETO","AINYLEISMAARE","SANOMALEHTILUOKKA","JULKAISUMAA","KIELI","KOKOELMALAJI","KOKOELMA","VARASTOSIGNUM","KOKO","KORKEUS_CM","LEVEYS_CM","EKORKEUS","ESIVALMISTELUKUVAUS","KUSTANTAJA","JULKAISIJA","ILM_ALPVM","ILM_ALPVM_EPATARKKA","ILM_ALPVM_SUL","ILM_LOPVM","ILM_LOPVM_EPATARKKA","ILM_LOPVM_SUL","JULKAJAN_LISAMAARE","HIST_ALPVM","HIST_ALPVM_EPATARKKA","HIST_ALPVM_SUL","SARJAN_ISSN","S_ARTIKKELI","SARJAN_PAANIMEKE","SM_ARTIKKELI","SARJAN_MUU_NIMEKETIETO","SARJAN_TEKIJA","SARJAN_SIS_NUMEROINTI","A_ARTIKKELI","ALKUKIEL_JULK","PAAJULKAISUN_ISSN","PJ_ARTIKKELI","PAAJULKAISUN_NIMI","HUOMAUTUSKENTTA","TEKSTITYYPPI","HIST_LOPVM","HIST_LOPVM_EPATARKKA","HIST_LOPVM_SUL","FENNICA_ILMLOPVM","start_date","end_date","start_year","end_year"
"4","fk10080","FEN","","Heinolan Sanomat","","","SAN","","FI","fin","FEN","FEN","","A2",49,37,"1,5","","Oy Heinolan Sanomat","","23.11.1905","",NA,"28.12.1912","","",NA,"04.02.1911","","",NA,NA,NA,NA,NA,NA,NA,NA,"","","","","","FRA",NA,NA,NA,"",1905-11-23,1912-12-28,1905,1912
"14","fk10123","FEN","","Itä-Karjala","","","SAN","","FI","fin","FEN","FEN","","A2",55,38,"1,5","","Kaakkois-Karjalan Kirjapaino Oy","","21.12.1896","",NA,"28.12.1906","","",NA,"01.07.1906","PK","",NA,NA,NA,NA,NA,NA,NA,NA,"","","","","","FAN",NA,NA,NA,"",1896-12-21,1906-12-28,1896,1906
"17","fk10136","FEN","","Jakobstad","","","SAN","","FI","swe","FEN","FEN","","A2",49,36,"1","","Jakobstads Tryckeri- och Tidnings Ab","","11.11.1905","",NA,"18.09.1915","","",NA,"11.11.1905","","",NA,NA,NA,NA,NA,NA,NA,NA,"","","","","","ANT",NA,NA,NA,"",1905-11-11,1915-09-18,1905,1915
"28","fk10061","FEN","","Forssan Sanomat","","Lounais-Hämeen Äänenkannattaja","SAN","","FI","fin","FEN","FEN","","A2",53,38,"1,5","","Lounais-Hämeen Sanomalehti Oy","","29.11.1904","",NA,"08.02.1907","","",NA,"01.01.1907","PK","",NA,NA,NA,NA,NA,NA,NA,NA,"","","","","","FRA",NA,NA,NA,"",1904-11-29,1907-02-08,1904,1907
"29","fk10128","FEN","","Itä-Suomen Sanomat","","","SAN","","FI","fin","FEN","FEN","","A2",56,44,"1,5","","Kansalliskirjapaino Oy","","10.10.1894","",NA,"24.11.1914","","",NA,"01.01.1912","","",NA,NA,NA,NA,NA,NA,NA,NA,"","","","","","FRA",NA,NA,NA,"",1894-10-10,1914-11-24,1894,1914
"31","fk10055","FEN","","Folket","","","SAN","","FI","swe","FEN","FEN","","A2",54,39,"1,5","","Reinhold Roine","","30.11.1901","",NA,"16.03.1905","","",NA,"30.11.1901","","",NA,NA,NA,NA,NA,NA,NA,NA,"","","","","","ANT",NA,NA,NA,"",1901-11-30,1905-03-16,1901,1905
"35","fk10121","FEN","","Itä-Hämeen Raivaaja","","","SAN","","FI","fin","FEN","FEN","","A2",58,36,"1","","Itä-Hämeen Sanomalehti Oy","","11.12.1905","",NA,"31.12.1907","","",NA,"11.12.1905","","",NA,NA,NA,NA,NA,NA,NA,NA,"","","","","","FRA",NA,NA,NA,"",1905-12-11,1907-12-31,1905,1907
"45","fk10165","FEN","","Kansalainen","","","SAN","","FI","fin","FEN","FEN","","A2",NA,NA,"","","Otto Andersin","","13.11.1896","",NA,"30.12.1912","","",NA,"13.11.1896","","",NA,NA,NA,NA,NA,NA,NA,NA,"","","","","","",NA,NA,NA,"",1896-11-13,1912-12-30,1896,1912
"53","fk10225","FEN","","Kotkan Uutiset","","","SAN","","FI","fin","FEN","FEN","","A2",52,37,"1","","Kotka Tryckeri Ab","","26.05.1897","",NA,"29.07.1906","","",NA,"30.07.1905","","",NA,NA,NA,NA,NA,NA,NA,NA,"","","","","","FAN",NA,NA,NA,"",1897-05-26,1906-07-29,1897,1906
"76","fk10108","FEN","","Hämetär","","Etelä-Hämeen nuorsuomalainen sanomalehti","SAN","","FI","fin","FEN","FEN","","A2",53,33,"","","Hämettären Sanomalehti Oy","","28.08.1902","",NA,"01.07.1919","","",NA,"01.01.1919","","",NA,NA,NA,NA,NA,NA,NA,NA,"","","","","","FAN",NA,NA,NA,"",1902-08-28,1919-07-01,1902,1919
"81","fk10091","FEN","","Helsingfors-Posten","","","SAN","","FI","swe","FEN","FEN","","A2",65,50,"1,5","","Jac. Ahrenberg","","25.06.1902","",NA,"31.12.1905","","",NA,"25.06.1902","","",NA,NA,NA,NA,NA,NA,NA,NA,"","","","","","ANT",NA,NA,NA,"",1902-06-25,1905-12-31,1902,1905
"89","0359-0305","FEN","","Tyrvään Sanomat","","Vammalan talousalueen paikallislehti","SAN","PAI","FI","fin","FEN","FEN","","A3",46,32,"1","Helppo lehti. Joitakin erillisliitteitä
silloin tällöin,ja ne voivat olla yhteisiä Paikkallissanomien kanssa.V  alotuksia n.530-550/rulla   .
","Tyrvään Sanomat Oy","","01.01.1894","P",NA,"","","",NA,"01.01.2005","","",NA,NA,NA,NA,NA,NA,NA,NA,"","","","","Ilmestymispaikka: Tyrvää liitettiin Vammalaan v. 1973.","ANT",NA,NA,NA,"",1894-01-01,2020-01-01,1894,2020
"107","fk10197","FEN","","Kaskisten Lehti","","Pohjalaisten Puhetorwi","SAN","","FI","fin","FEN","FEN","","A2",55,38,"1,5","","Vihtori Niemi","","01.12.1903","P",NA,"08.05.1906","","",NA,"18.03.1904","","",NA,NA,NA,NA,NA,NA,NA,NA,"","","","","","FRA",NA,NA,NA,"",1903-12-01,1906-05-08,1903,1906
"113","fk10056","FEN","","Folket","","Ortstidning för Jakobstad och omnäjd","SAN","","FI","swe","FEN","FEN","","A2",53,35,"1,5","","Reinhold Roine","","24.05.1902","",NA,"28.10.1905","","",NA,"24.05.1902","","",NA,NA,NA,NA,NA,NA,NA,NA,"","","","","","ANT",NA,NA,NA,"",1902-05-24,1905-10-28,1902,1905
"118","fk10257","FEN","","Lahti","","","SAN","","FI","fin","FEN","FEN","","A2",NA,NA,"","","Lahden Kirjapaino- ja Sanomalehti Oy","","21.12.1905","",NA,"31.12.1963","","",NA,"21.12.1905","","",NA,NA,NA,NA,NA,NA,NA,NA,"","","","","","",NA,NA,NA,"",1905-12-21,1963-12-31,1905,1963
"122","fk10253","FEN","","Lahden Lehti","","Nuorsuomalaisten äänenkannattaja","SAN","","FI","fin","FEN","FEN","","A2",58,41,"1,5","","Oy Lahden Lehti","","28.03.1900","",NA,"28.05.1909","","",NA,"01.01.1908","","",NA,NA,NA,NA,NA,NA,NA,NA,"","","","","","FRA",NA,NA,NA,"",1900-03-28,1909-05-28,1900,1909
"133","fk10149","FEN","","Kaikuja Kajaanista","","","SAN","","FI","fin","FEN","FEN","","A3",50,33,"1","","Kustannus Oy Kainuu","","31.08.1905","",NA,"09.12.1916","","",NA,"01.07.1907","PK","",NA,NA,NA,NA,NA,NA,NA,NA,"","","","","","FRA",NA,NA,NA,"",1905-08-31,1916-12-09,1905,1916
"138","fk10201","FEN","","Keski-Pohjalainen","","","SAN","","FI","fin","FEN","FEN","","A2",NA,NA,"","","0y Keski-Pohjalainen","","20.04.1905","",NA,"30.12.1911","","",NA,"20.04.1905","","",NA,NA,NA,NA,NA,NA,NA,NA,"","","","","","",NA,NA,NA,"",1905-04-20,1911-12-30,1905,1911
"154","fk10133","FEN","","Jaakkiman Sanomat","","Kuulumisia Jaakkimasta ja sen ympäristöstä","SAN","","FI","fin","FEN","FEN","","A2",57,39,"1,5","","Juho Kröger","","20.12.1905","",NA,"09.09.1914","","",NA,"04.01.1911","","",NA,NA,NA,NA,NA,NA,NA,NA,"","","","","","",NA,NA,NA,"",1905-12-20,1914-09-09,1905,1914
"163","0356-1135","FEN","","Kotimaa","","Kristillis- yhteiskunnallinen viikkosanomalehti","SAN","VAL","FI","fin","FEN","FEN","","A3",37,32,"2","9 kk lehdet rullalle.","Kustannus Oy Kotimaa","","30.12.1905","",NA,"","","",NA,"23.04.2004","","",NA,NA,NA,NA,NA,NA,NA,NA,"","","","","","ANT",NA,NA,NA,"",1905-12-30,2020-01-01,1905,2020
"169","fk10216","FEN","","Kokkola","","Isänmaallisen kansanliikkeen äänenkannattaja","SAN","","FI","fin","FEN","FEN","","A2",64,46,"1,5","","Sanomalehti Oy Kokkola","","17.11.1897","",NA,"29.11.1934","","",NA,"02.09.1934","","",NA,NA,NA,NA,NA,NA,NA,NA,"","","","","Lehti ei ilm. 13.6.-13.8.1901 ja 4.1.-23.4.1902. - Julkaisija ja ilmestymistiheys vaihdellut. - Loka-marraskuun numerot v:lta 1934 ilm. vuorotellen Kokkola- tai Pohjanmaan suunta -nimisenä.","ANT",NA,NA,NA,"",1897-11-17,1934-11-29,1897,1934
"182","fk10157","FEN","","Kajaanin Lehti","","","SAN","","FI","fin","FEN","FEN","","A2",52,34,"1","","Kajaanin Sanomalehti- ja Kirjapaino Oy","","15.02.1899","",NA,"31.12.1920","","",NA,"01.01.1909","","",NA,NA,NA,NA,NA,NA,NA,NA,"","","","","","FRA",NA,NA,NA,"",1899-02-15,1920-12-31,1899,1920
"194","fk10120","FEN","","Itä-Häme","","","SAN","","FI","fin","FEN","FEN","","A3",58,35,"1,5","Rullaan mahtuu 2 kk:n lehdet","Itä-Hämeen Sanomalehti Oy","","04.08.1904","",NA,"18.08.1906","","",NA,"04.08.1904","","",NA,NA,NA,NA,NA,NA,NA,NA,"","","","","","FRA",NA,NA,NA,"",1904-08-04,1906-08-18,1904,1906
"206","0356-1356","FEN","","Kaleva","","","SAN","MAA","FI","fin","FEN","FEN","","A2",56,39,"2","Sivujen määrä suurentunut. Jatkossa ehkä viisasta jakaa kahden viikon jaksoille. Muutama vaihtosivu saattaa olla.","Kaleva Kustannus Oy","","14.04.1899","",NA,"","","",NA,"01.01.1998","PK","",NA,NA,NA,NA,NA,NA,NA,NA,"","","","","Ilmestymisaika: Lehti ei ilmestynyt ajalla 3.9.1901-3.12.1901.","ANT",NA,NA,NA,"",1899-04-14,2020-01-01,1899,2020
"215","0785-398X","FEN","","Åbo Underrättelser","","","SAN","ALU","FI","swe","FEN","FEN","","A3",43,28,"2","Keskiaukeama kuvaus. Uppslag","Förlags Ab Sydvästkusten","","03.01.1824","",NA,"","","",NA,"01.01.1968","","",NA,NA,NA,NA,NA,NA,NA,NA,"","","","","Lehti ei ole ilmestynyt 2.9.1827 - 31.12.1827 ja 1828.","ANT",NA,NA,NA,"",1824-01-03,2020-01-01,1824,2020
"216","0358-6294","FEN","","Borgåbladet","","","SAN","ALU","FI","swe","FEN","FEN","","A3",40,28,"1,5","TV-Radioliite lauantain lehdessä","Östra Nylands Tidningar Ab","","15.12.1860","",NA,"31.12.2015","PK","",NA,"01.01.2007","","",NA,NA,NA,NA,NA,NA,NA,NA,"","","","","Ilmestymisaika: Lehti lakkautettuna 19.9.-21.11.1900 ja 16.3.-15.6.1901.","ANT",NA,NA,NA,"x",1860-12-15,2015-12-31,1860,2015
"227","fk10276","FEN","","Länsisuomen Työmies","","","SAN","","FI","fin","FEN","FEN","","A2",59,41,"1,5","","Turun Työväen Sanomalehti Oy","","19.12.1898","",NA,"03.04.1906","","",NA,"03.10.1905","","",NA,NA,NA,NA,NA,NA,NA,NA,"","","","","","FRA",NA,NA,NA,"",1898-12-19,1906-04-03,1898,1906
"240","fk10301","FEN","","Måndagen","","Enda i landet måndag morgon utkommande tidning","SAN","","FI","swe","FEN","FEN","","A2",55,39,"1,5","","Karl Gustav Blomberg","","20.03.1905","",NA,"23.05.1910","","",NA,"13.01.1908","","",NA,NA,NA,NA,NA,NA,NA,NA,"","","","","","ANT",NA,NA,NA,"",1905-03-20,1910-05-23,1905,1910
"258","fk14784","FEN","","Tornion Lehti","","","SAN","","FI","fin","FEN","FEN","","A3",45,32,"1,5","","F.F. Rautio","","05.12.1903","",NA,"30.07.1926","","",NA,"01.07.1920","PK","",NA,NA,NA,NA,NA,NA,NA,NA,"","","","","","FRA",NA,NA,NA,"",1903-12-05,1926-07-30,1903,1926
"259","fk14785","FEN","","Tornion Uutiset","","","SAN","","FI","fin","FEN","FEN","","A3",46,31,"1,5","","Gustaf Adolf Ryynänen","","10.12.1902","",NA,"30.11.1912","","",NA,"10.12.1902","","",NA,NA,NA,NA,NA,NA,NA,NA,"","","","","","FAN",NA,NA,NA,"",1902-12-10,1912-11-30,1902,1912
"268","fk14794","FEN","","Työ","","Sosialidemokratinen Työväenlehti","SAN","","FI","fin","FEN","FEN","","A2",54,39,"1,5","","Viipurin Työväen Sanomalehti- ja Kirjapaino-Osuuskunta rl","","17.12.1904","",NA,"24.04.1918","","",NA,"01.01.1912","","",NA,NA,NA,NA,NA,NA,NA,NA,"","","","","","FRA",NA,NA,NA,"",1904-12-17,1918-04-24,1904,1918
"277","fk14802","FEN","","Työmies","","","SAN","","FI","fin","FEN","FEN","","A2",61,44,"1,5","","Työväen Sanomalehti Oy","","14.02.1895","",NA,"12.04.1918","","",NA,"01.01.1917","","",NA,NA,NA,NA,NA,NA,NA,NA,"","","","","","FRA",NA,NA,NA,"",1895-02-14,1918-04-12,1895,1918
"292","fk14818","FEN","","Tähti","","","SAN","","FI","fin","FEN","FEN","","A3",50,34,"1,5","","Suomen Kristillisen Työväen Liitto ry","","20.12.1905","",NA,"03.10.1913","","",NA,"01.01.1911","","",NA,NA,NA,NA,NA,NA,NA,NA,"","","","","","FRA",NA,NA,NA,"",1905-12-20,1913-10-03,1905,1913
"301","1458-6517","FEN","","Wiborgs Nyheter","","","SAN","","FI","swe","FEN","FEN","","A2",54,40,"2","","Östra Finlands tryckeri","","28.02.1899","",NA,"28.11.1939","","",NA,"01.07.1931","PK","",NA,NA,NA,NA,NA,NA,NA,NA,"","","","","ISSN: Tunnus aikaisemmin fk14876.","ANT",NA,NA,NA,"",1899-02-28,1939-11-28,1899,1939
"314","fk14917","FEN","","Östra Finland","","","SAN","","FI","swe","FEN","FEN","","A2",56,39,"1,5","","G. A. Ekholm","","16.12.1905","",NA,"27.12.1910","","",NA,"16.12.1905","","",NA,NA,NA,NA,NA,NA,NA,NA,"","","","","","ANT",NA,NA,NA,"",1905-12-16,1910-12-27,1905,1910
"342","fk14938","FEN","","Pohjois-Savo","","","SAN","","FI","fin","FEN","FEN","","A2",60,46,"1,5","","K. F. Malmström","","10.12.1903","",NA,"30.12.1907","","",NA,"10.12.1903","","",NA,NA,NA,NA,NA,NA,NA,NA,"","","","","","FRA",NA,NA,NA,"",1903-12-10,1907-12-30,1903,1907
"371","fk10340","FEN","","Perä-Pohjolainen","","","SAN","","FI","fin","FEN","FEN","","A2",53,40,"1,5","","Kemin Kaupungin Sanomalehti Oy","","29.05.1897","",NA,"30.06.1921","","",NA,"01.01.1905","","",NA,NA,NA,NA,NA,NA,NA,NA,"","","","","","FRA",NA,NA,NA,"",1897-05-29,1921-06-30,1897,1921
"390","fk10362","FEN","","Pohjan Poika","","Sanomia Vaasasta ja Pohjanmaalta","SAN","","FI","fin","FEN","FEN","","A2",66,46,"1,5","","Ossian Ansas","","23.12.1904","",NA,"31.12.1909","","",NA,"23.12.1904","","",NA,NA,NA,NA,NA,NA,NA,NA,"","","","","","FRA",NA,NA,NA,"",1904-12-23,1909-12-31,1904,1909
"395","fk10368","FEN","","Pohjois-Karjala","","","SAN","","FI","fin","FEN","FEN","","A2",61,44,"1,5","","Pohjois-Karjalan Kirjapaino Oy","","01.09.1899","",NA,"29.12.1906","","",NA,"01.01.1905","","",NA,NA,NA,NA,NA,NA,NA,NA,"","","","","","FRA",NA,NA,NA,"",1899-09-01,1906-12-29,1899,1906
"399","fk10373","FEN","","Pohjois-Suomi","","","SAN","","FI","fin","FEN","FEN","","A2",59,40,"1","","Pohjois-Suomen Sanomalehti Oy","","27.03.1905","",NA,"31.12.1909","","",NA,"01.07.1907","PK","",NA,NA,NA,NA,NA,NA,NA,NA,"","","","","","FRA",NA,NA,NA,"",1905-03-27,1909-12-31,1905,1909
"405","0355-6913","FEN","","Aamulehti","","","SAN","MAA","FI","fin","FEN","FEN","","A2",56,40,"2","Paljon liitteitä. Jako 2007 alusta 1-10,11-20,21-kuukauden loppuun!Ei leikata (päätetty 12.12.2006)","Aamulehti Yhtymä Oy","","03.12.1881","",NA,"","","",NA,"01.01.1993","","",NA,NA,NA,NA,NA,NA,NA,NA,"","","","","Koko vaihtelee. Korkeus 49-51 cm, leveys 33-39 cm.","ANT",NA,NA,NA,"",1881-12-03,2020-01-01,1881,2020
"407","0356-5653","FEN","","Östra Nyland","","","SAN","ALU","FI","swe","FEN","FEN","","A3",42,28,"1,5","","Östra Nylands Tidnings Ab","","02.04.1881","",NA,"31.12.2015","PK","",NA,"01.01.1997","","",NA,NA,NA,NA,NA,NA,NA,NA,"","","","","Ilmestymisaika: Lakkautettuna 4.1.-2.4.1902.","FRA",NA,NA,NA,"x",1881-04-02,2015-12-31,1881,2015
"409","0356-3553","FEN","","Österbottningen","","","SAN","ALU","FI","swe","FEN","FEN","","A3",40,28,"2","2 kk:n lehdet rullaan","Ab Österbottningen","","22.02.1898","",NA,"31.12.2008","PK","",NA,"01.02.2007","PK","",NA,NA,NA,NA,NA,NA,NA,NA,"","","","","","ANT",NA,NA,NA,"x",1898-02-22,2008-12-31,1898,2008
"412","0356-2301","FEN","","Salmetar","","","SAN","PAI","FI","fin","FEN","FEN","","A3",42,29,"1,5","","Savon Lehtikustannus Oy","","09.06.1897","",NA,"31.12.2007","PK","",NA,"15.11.2002","","",NA,NA,NA,NA,NA,NA,NA,NA,"","","","","","ANT",NA,NA,NA,"x",1897-06-09,2007-12-31,1897,2007
"413","0356-1860","FEN","","Uudenkaupungin Sanomat","","","SAN","","FI","fin","FEN","FEN","","A3",40,28,"1,5","Värisiirtymiä ja ryppyjä paljon. Painojälki vaihtelee.","Uudenkaupungin Sanomat Oy","","02.01.1891","",NA,"","","",NA,"01.04.2003","","",NA,NA,NA,NA,NA,NA,NA,NA,"","","","","Ilmestymisaika: Lakkautettuna 2.1.-30.4.1902.","ANT",NA,NA,NA,"",1891-01-02,2020-01-01,1891,2020
"427","0355-2047","FEN","","Helsingin Sanomat","","","SAN","VAL","FI","fin","FEN","FEN","","A2",57,41,"1","Värisiirtymiä","Sanoma Oy","","07.07.1904","",NA,"","","",NA,"07.07.1904","","",NA,NA,NA,NA,NA,NA,NA,NA,"","","","","","ANT",NA,NA,NA,"",1904-07-07,2020-01-01,1904,2020
"429","0356-2751","FEN","","Hämeen Sanomat","","","SAN","MAA","FI","fin","FEN","FEN","","A2",56,40,"1,5","","Hämeen Sanomat Oy","","04.12.1878","",NA,"","","",NA,"01.07.1968","PK","",NA,NA,NA,NA,NA,NA,NA,NA,"","","","","","ANT",NA,NA,NA,"",1878-12-04,2020-01-01,1878,2020
"444","0782-6419","FEN","","Länsi-Suomi","","","SAN","ALU","FI","fin","FEN","FEN","","A2",56,41,"2","Rullat 550-600 valotusta. Helppo lehti.","Oy Länsi Suomi","","22.12.1905","",NA,"","","",NA,"01.01.1927","","",NA,NA,NA,NA,NA,NA,NA,NA,"","","","","","ANT",NA,NA,NA,"",1905-12-22,2020-01-01,1905,2020
"471","0356-1844","FEN","","Vasabladet","","","SAN","MAA","FI","swe","FEN","FEN","","A2",56,40,"2","Kuukauden lehdet rullalle. Lehdet leikattu. Laitettava huomautustauluun, että painojälki kuultaa läpi. Leikatessa mennyt tekstiä.","Ab Vasabladet","","07.05.1856","",NA,"","","",NA,"01.01.1999","PK","",NA,NA,NA,NA,NA,NA,NA,NA,"","","","","","ANT",NA,NA,NA,"",1856-05-07,2020-01-01,1856,2020
"475","0451-5560","FEN","","Kauppalehti","","","SAN","VAL","FI","fin","FEN","FEN","","A3",42,31,"2","Erittäin hankala laskea rulla, johtuen Optioista. Extra Kauppalehteen ei liitelappua.Muista liittää ""Hannan"" tekemä erillishuomautus alkutauluihin!!!","Kustannusosakeyhtiö Kauppalehti","","02.12.1898","",NA,"","","",NA,"01.01.1993","","",NA,NA,NA,NA,NA,NA,NA,NA,"","","","","","ANT",NA,NA,NA,"",1898-12-02,2020-01-01,1898,2020
"478","fk14828","FEN","","Uusi Inkeri","","","SAN","","FI","fin","FEN","FEN","","A2",52,37,"1,5","","Uuden Inkerin kannatusyhdistys","","08.12.1905","",NA,"19.12.1906","","",NA,"08.12.1905","","",NA,NA,NA,NA,NA,NA,NA,NA,"","","","","","FRA",NA,NA,NA,"",1905-12-08,1906-12-19,1905,1906
"486","fk14837","FEN","","Uusmaalainen","","","SAN","","FI","fin","FEN","FEN","","A2",57,43,"1,5","","Oy Uusmaalainen","","22.09.1905","",NA,"31.12.1913","","",NA,"01.07.1909","PK","",NA,NA,NA,NA,NA,NA,NA,NA,"","","","","","FRA",NA,NA,NA,"",1905-09-22,1913-12-31,1905,1913
"508","fk14864","FEN","","Wasa-Posten","","Organ för svenska Österbottens allmoge","SAN","","FI","swe","FEN","FEN","","A2",61,44,"2","","Ab Wasa-Posten","","09.12.1898","",NA,"31.03.1932","","",NA,"01.01.1927","","",NA,NA,NA,NA,NA,NA,NA,NA,"","","","","","ANT",NA,NA,NA,"",1898-12-09,1932-03-31,1898,1932
"510","fk14868","FEN","","Veckobladet","","","SAN","","FI","swe","FEN","FEN","","A2",54,39,"1,5","","Ab Veckobladet","","23.11.1892","",NA,"28.04.1917","","",NA,"01.01.1904","PKV","",NA,NA,NA,NA,NA,NA,NA,NA,"","","","","","ANT",NA,NA,NA,"",1892-11-23,1917-04-28,1892,1917
"516","fk14883","FEN","","Wiipuri","","Kuulumisia Itä-Suomesta","SAN","","FI","fin","FEN","FEN","","A2",63,47,"2","","Viipurin Uusi Kirjapaino- ja Sanomalehti Oy","","30.10.1893","",NA,"07.07.1918","","",NA,"01.01.1896","","",NA,NA,NA,NA,NA,NA,NA,NA,"","","","","","FRA",NA,NA,NA,"",1893-10-30,1918-07-07,1893,1918
"525","fk14893","FEN","","Västra Finland","","Tidning för Åboland","SAN","","FI","swe","FEN","FEN","","A2",60,40,"1,5","","Åbo Tryckeri och Tidnings Ab","","27.11.1895","",NA,"29.11.1928","","",NA,"10.12.1920","","",NA,NA,NA,NA,NA,NA,NA,NA,"","","","","","ANT",NA,NA,NA,"",1895-11-27,1928-11-29,1895,1928
"529","fk10035","FEN","","Elämä","","","SAN","","FI","fin","FEN","FEN","","A2",55,39,"1,5","","Elämä Osuuskunta","","16.12.1905","",NA,"12.06.1907","","",NA,"16.12.1905","","",NA,NA,NA,NA,NA,NA,NA,NA,"","","","","","ANT",NA,NA,NA,"",1905-12-16,1907-06-12,1905,1907
"583","fk10471","FEN","","Suomen Kansa","","","SAN","","FI","fin","FEN","FEN","","A2",54,38,"1,5","","Kansan Sanomalehti Oy","","29.12.1900","",NA,"12.12.1905","","",NA,"30.05.1905","","",NA,NA,NA,NA,NA,NA,NA,NA,"","","","","","FRA",NA,NA,NA,"",1900-12-29,1905-12-12,1900,1905
"602","fk10495","FEN","","Suupohjan Kaiku","","","SAN","","FI","fin","FEN","FEN","","A2",57,39,"1,5","","K. J. Paasonen","","20.11.1897","",NA,"28.06.1919","","",NA,"01.01.1916","","",NA,NA,NA,NA,NA,NA,NA,NA,"","","","","","FRA",NA,NA,NA,"",1897-11-20,1919-06-28,1897,1919
"619","fk14759","FEN","","Säkkijärven Sanomat","","Kuulumisia Lounais-Karjalasta","SAN","","FI","fin","FEN","FEN","","A3",47,29,"1,5","","Oy Lounais-Karjala","","26.02.1898","",NA,"30.12.1905","","",NA,"24.01.1905","","",NA,NA,NA,NA,NA,NA,NA,NA,"","","","","","FRA",NA,NA,NA,"",1898-02-26,1905-12-30,1898,1905
"626","fk14770","FEN","","Tampereen Sanomat","","Kuusi kertaa viikossa ilmestyvä aamulehti","SAN","","FI","fin","FEN","FEN","","A2",61,39,"2","","Tampereen Sanomain  Kustannus Oy","","22.10.1904","",NA,"30.03.1919","","",NA,"01.01.1918","","",NA,NA,NA,NA,NA,NA,NA,NA,"","","","","","FRA",NA,NA,NA,"",1904-10-22,1919-03-30,1904,1919
"656","fk14981","FEN","","Kotka Nyheter","","","SAN","","FI","swe","FEN","FEN","","A2",51,35,"2","","Östra Nylands Tidnings- & Tryckeri Ab","","25.05.1897","",NA,"25.03.1971","","",NA,"01.07.1944","PK","",NA,NA,NA,NA,NA,NA,NA,NA,"","","","","","ANT",NA,NA,NA,"",1897-05-25,1971-03-25,1897,1971
"770","fk19511","","","Kansan Lehti","","","SAN","","FI","fin","FEN","FEN","","A2",60,43,"1,5","","Tampereen Työväen Sanomalehti Oy","","15.12.1898","",NA,"03.04.1918","","",NA,"01.01.1918","","",NA,NA,NA,NA,NA,NA,NA,NA,"","","","","","FRA",NA,NA,NA,"",1898-12-15,1918-04-03,1898,1918
"809","fk10394","FEN","","Raahen Lehti","","","SAN","","FI","fin","FEN","FEN","","A3",50,35,"1,5","","Robert Rossander","","17.11.1896","",NA,"29.12.1906","","",NA,"01.09.1905","","",NA,NA,NA,NA,NA,NA,NA,NA,"","","","","","FRA",NA,NA,NA,"",1896-11-17,1906-12-29,1896,1906
"861","fk14940","FEN","","Eteenpäin","","","SAN","","FI","fin","FEN","FEN","","A2",50,34,"2","","Kyminlaakson työväen sanomalehti - ja kirjapaino-osuuskunta","","25.07.1905","",NA,"02.05.1918","","",NA,"25.07.1905","","",NA,NA,NA,NA,NA,NA,NA,NA,"","","","","","FRA",NA,NA,NA,"",1905-07-25,1918-05-02,1905,1918
"863","0356-1690","FEN","","Etelä-Suomi","","Suomalaisuuden ja kansanvaltaisuuden äänenkannattaja","SAN","","FI","fin","FEN","FEN","","A2",55,36,"1,5","","Sanomalehti Oy Kotka","","08.12.1902","",NA,"31.12.1988","","",NA,"01.01.1919","","",NA,NA,NA,NA,NA,NA,NA,NA,"","","","","","FRA",NA,NA,NA,"",1902-12-08,1988-12-31,1902,1988
"894","fk14964","","","Tammerfors Nyheter","","","SAN","","FI","swe","FEN","FEN","","A2",NA,NA,"","","Ab Tammerfors Nyheter","","09.08.1899","",NA,"01.04.1916","","",NA,"09.08.1899","","",NA,NA,NA,NA,NA,NA,NA,NA,"","","","","","",NA,NA,NA,"",1899-08-09,1916-04-01,1899,1916
"896","fk14968","","","Vestra Nyland","","Huom. katso Västra Nyland","SAN","","FI","swe","FEN","FEN","","A3",NA,NA,"","","tuntematon","","04.01.1889","",NA,"07.08.1919","","",NA,"04.01.1889","","",NA,NA,NA,NA,NA,NA,NA,NA,"","","","","","",NA,NA,NA,"",1889-01-04,1919-08-07,1889,1919
"899","0789-8363","FEN","","Syd-Österbotten","","Organ för Södra Österbottens Svenska kommuner","SAN","","FI","swe","FEN","FEN","","A2",55,39,"1,5","","Tryckeri- och Tidnings Ab i Kristinestad","","17.01.1903","",NA,"29.04.1980","","",NA,"17.01.1903","","",NA,NA,NA,NA,NA,NA,NA,NA,"","","","","","ANT",NA,NA,NA,"",1903-01-17,1980-04-29,1903,1980
"943","0789-0745","FEN","","Vaasa","","Pohjanmaan suomalaisen väestön äänenkannattaja","SAN","","FI","fin","FEN","FEN","","A2",57,40,"2","","Vaasa Oy","","30.01.1902","",NA,"13.09.1984","","",NA,"28.09.1943","","",NA,NA,NA,NA,NA,NA,NA,NA,"","","","","","ANT",NA,NA,NA,"",1902-01-30,1984-09-13,1902,1984
"1005","fk32003","FEN","","Amerikan Kaiku","","","SAN","","US","fineng","AMS","FEN","","",NA,NA,"","","tuntematon","","16.12.1903","",NA,"31.12.1908","PK","",NA,"16.12.1903","","",NA,NA,NA,NA,NA,NA,NA,NA,"","","","","","",NA,NA,NA,"",1903-12-16,1908-12-31,1903,1908
"1012","fk32016","FEN","","Amerikan Uutiset","","","SAN","","US","fin","AMS","FEN","","",NA,NA,"","","tuntematon","","20.06.1893","",NA,"31.12.1913","PKV","",NA,"20.06.1893","","",NA,NA,NA,NA,NA,NA,NA,NA,"","","","","","",NA,NA,NA,"",1893-06-20,1913-12-31,1893,1913
"1016","fk32017","FEN","","Finska-Amerikanaren","","","SAN","","US","swe","AMS","FEN","","",NA,NA,"","","tuntematon","","01.01.1896","PK",NA,"25.04.1935","","",NA,"27.03.1901","","",NA,NA,NA,NA,NA,NA,NA,NA,"","","","","Mikrokuvattu 27.3.1901-25.4.1935.","",NA,NA,NA,"",1896-01-01,1935-04-25,1896,1935
"1026","fk32026","FEN","","Lännen Sanomat","","","SAN","","US","fin","AMS","FEN","","",NA,NA,"","","tuntematon","","14.09.1904","",NA,"01.11.1905","","",NA,"14.09.1904","","",NA,NA,NA,NA,NA,NA,NA,NA,"","","","","","",NA,NA,NA,"",1904-09-14,1905-11-01,1904,1905
"1029","fk32029","FEN","","Niagara","","","SAN","","US","fin","AMS","FEN","","",NA,NA,"","","tuntematon","","25.07.1905","",NA,"31.12.1905","PK","",NA,"25.07.1905","","",NA,NA,NA,NA,NA,NA,NA,NA,"","","","","","",NA,NA,NA,"",1905-07-25,1905-12-31,1905,1905
"1034","fk32044","","","Siirtolainen","","","SAN","","US","fin","AMS","FEN","","",NA,NA,"","","tuntematon","","15.05.1893","K",NA,"17.03.1937","","",NA,"15.05.1893","","",NA,NA,NA,NA,NA,NA,NA,NA,"","","","","","",NA,NA,NA,"",1893-05-15,1937-03-17,1893,1937
"1036","1059-4779","FEN","","Raivaaja","","","SAN","","US","fineng","AMS","FEN","","",NA,NA,"","","tuntematon","","31.01.1905","",NA,"31.12.2009","PK","",NA,"31.01.1905","","",NA,NA,NA,NA,NA,NA,NA,NA,"","","","","Mikrokuvattu 31.1.1905-26.5.1977.","",NA,NA,NA,"x",1905-01-31,2009-12-31,1905,2009
"1041","fk32042","FEN","","Uusi Kotimaa","","","SAN","","US","fineng","AMS","FEN","","",NA,NA,"","","tuntematon","","20.08.1881","",NA,"27.12.1934","","",NA,"20.08.1881","","",NA,NA,NA,NA,NA,NA,NA,NA,"","","","","","",NA,NA,NA,"",1881-08-20,1934-12-27,1881,1934
"1046","fk16566","FEN","","Amerikan Suometar","","Kansallista sivistystä ja kirkollista elämää harrastavien Amerikan suomalaisten äänenkannattaja","SAN","","US","fin","AMS","FEN","","",NA,NA,"","","Suomalais-luterilainen kustannusliike","","01.01.1899","K",NA,"18.12.1962","","",NA,"01.01.1899","","",NA,NA,NA,NA,NA,NA,NA,NA,"","","","","","",NA,NA,NA,"",1899-01-01,1962-12-18,1899,1962
"1094","fk19536","","","Ålands Sjöfartstidning","","","SAN","","FI","swe","FEN","FEN","","A2",NA,NA,"","","J. E. Ahlqvist","","24.01.1903","",NA,"11.11.1905","","",NA,"01.01.1905","","",NA,NA,NA,NA,NA,NA,NA,NA,"","","","","","",NA,NA,NA,"",1903-01-24,1905-11-11,1903,1905
"1233","fk11101","","","Haparandabladet","","","SAN","","SE","swefin","FEU","FEN","","",NA,NA,"","","tuntematon","","05.01.1882","K",NA,"","","",NA,"05.01.1882","","",NA,NA,NA,NA,NA,NA,NA,NA,"","","","","KB: Lehden ilmestyminen alkanut 8.7.1882","",NA,NA,NA,"",1882-01-05,2020-01-01,1882,2020
"1234","fk30014","","","Inkeri","","","SAN","","RU","fin","FEU","FEN","","",NA,NA,"","","tuntematon","","03.01.1884","K",NA,"30.12.1917","PK","",NA,"03.01.1884","","",NA,NA,NA,NA,NA,NA,NA,NA,"","","","","","",NA,NA,NA,"",1884-01-03,1917-12-30,1884,1917
"1505","0356-133X","FEN","","Turun Sanomat","","","SAN","MAA","FI","fin","FEN","FEN","","A2",56,40,"1,5","2 viikon lehdet rullaan.","TS-Yhtymä Oy","Oy Turun Sanomat","09.12.1904","",NA,"","","",NA,"01.01.1990","PKV","",NA,NA,NA,NA,NA,NA,NA,NA,"","","","","","ANT",NA,NA,NA,"",1904-12-09,2020-01-01,1904,2020
"1518","0355-9149","FEN","","Åland","","","SAN","MAA","FI","swe","FEN","FEN","","A3",42,28,"2","Niitit poistettava, rullakoko 600-700 valotusta. Tarkista liitteiden paikat, usein väärissä kohdissa !","Ålands Tidnings-Tryckeri","","18.03.1891","",NA,"","","",NA,"01.01.1945","","",NA,NA,NA,NA,NA,NA,NA,NA,"","","","","","ANT",NA,NA,NA,"",1891-03-18,2020-01-01,1891,2020
"1638","fk24873","FEN","","Työmies","","Amerikan suomalaisen edistysmielisen väestön äänenkannattaja","SAN","","US","fin","AMS","FEN","","",NA,NA,"","","The American-Finnish Publishers","","16.08.1904","",NA,"31.12.1950","PK","",NA,"16.08.1904","","",NA,NA,NA,NA,NA,NA,NA,NA,"","","","","ISSN: Tunnus tietokannassa aikaisemmin fk30048.
Kirjastolla negatiivit 16.8.1904-31.12.1907, muut filmit ostettu. 
Jatkaja Työmies-Eteenpäin vain ostofilmeinä.","",NA,NA,NA,"",1904-08-16,1950-12-31,1904,1950
"1640","fk32030","FEN","","Pohjan Tähti","","","SAN","","US","fin","AMS","FEN","","",NA,NA,"","","tuntematon","","01.01.1902","PK",NA,"31.12.1926","PK","",NA,"01.01.1902","","",NA,NA,NA,NA,NA,NA,NA,NA,"","","","","Mikrokuvattu vain v. 1917.","",NA,NA,NA,"",1902-01-01,1926-12-31,1902,1926
"1641","fk27509","FEN","","Päivälehti","","","SAN","","US","fin","AMS","FEN","","",NA,NA,"","","Finnish Publishing Co.","","01.05.1901","PK",NA,"31.12.1948","PK","",NA,"01.10.1907","","",NA,NA,NA,NA,NA,NA,NA,NA,"","","","","Mikrokuvattu 1.10.1907-15.10.1948.","",NA,NA,NA,"",1901-05-01,1948-12-31,1901,1948
"1647","1458-2546","FEN","","Oulun Ilmoituslehti","","","SAN","","FI","fin","FEN","FEN","","A3",54,35,"1,5","","Uleåborgs Tryckeri Ab - Oulun Kirjapaino Oy","","23.12.1886","",NA,"31.12.1905","","",NA,"01.01.1891","","",NA,NA,NA,NA,NA,NA,NA,NA,"","","","","ISSN: Tunnus aikaisemmin fk10324.","FRA",NA,NA,NA,"",1886-12-23,1905-12-31,1886,1905
"1650","1458-2740","FEN","","Satakunta","","Sanomia Länsi-Suomesta","SAN","","FI","fin","FEN","FEN","","A2-A3",64,44,"1,5","","Oy Satakunta","","01.02.1873","",NA,"22.12.1917","","",NA,"01.01.1914","","",NA,NA,NA,NA,NA,NA,NA,NA,"","","","","ISSN: Tunnus aikaisemmin fk10430.","FRA",NA,NA,NA,"",1873-02-01,1917-12-22,1873,1917
"1651","1458-8633","FEN","","Turun Lehti","","","SAN","","FI","fin","FEN","FEN","","A2",45,30,"1,5","","Åbo Tryckeri och Tidnings Ab","","15.12.1882","",NA,"30.12.1919","","",NA,"01.01.1907","","",NA,NA,NA,NA,NA,NA,NA,NA,"","","","","ISSN: Tunnus aikaisemmin fk14789.","FRA",NA,NA,NA,"",1882-12-15,1919-12-30,1882,1919
"1653","1458-0764","FEN","","Hangö","","","SAN","","FI","swe","FEN","FEN","","A2",59,39,"1","","Hangö Bladets Tryckeri Ab","","11.03.1890","",NA,"12.03.1940","","",NA,"01.01.1918","","",NA,NA,NA,NA,NA,NA,NA,NA,"","","","","","ANT",NA,NA,NA,"",1890-03-11,1940-03-12,1890,1940
"1667","1457-4632","FEN","","Suomalainen","","Sanomia Sydän-Suomesta","SAN","","FI","fin","FEN","FEN","","A2",65,48,"1,5","","Sydän-Suomen Sanomalehti Oy","","10.12.1888","",NA,"28.12.1917","","",NA,"01.01.1913","","",NA,NA,NA,NA,NA,NA,NA,NA,"","","","","ISSN: Tunnus aikaisemmin fk10466.","FRA",NA,NA,NA,"",1888-12-10,1917-12-28,1888,1917
"1673","1457-4675","FEN","","Suomalainen Wirallinen Lehti","","","SAN","","FI","fin","FEN","FEN","","A3",39,26,"2","","Senaatin Kansliatoimituskunta","","03.01.1866","",NA,"31.12.1918","","",NA,"03.01.1866","","",NA,NA,NA,NA,NA,NA,NA,NA,"","","","","","FRA",NA,NA,NA,"",1866-01-03,1918-12-31,1866,1918
"1674","1458-0543","FEN","","Uusi Aura","","","SAN","","FI","fin","FEN","FEN","","A2",60,46,"2","","Uuden Auran Oy","","01.01.1897","",NA,"17.05.1964","","",NA,"24.07.1923","","",NA,NA,NA,NA,NA,NA,NA,NA,"","","","","ISSN: Tunnus aikaisemmin fk14825.","ANT",NA,NA,NA,"",1897-01-01,1964-05-17,1897,1964
"1690","1458-2643","FEN","","Rauman Lehti","","","SAN","","FI","fin","FEN","FEN","","A2",60,40,"1,5","","Osuuskunta Rauman Lehti il","","08.12.1881","",NA,"24.10.1914","","",NA,"01.01.1908","","",NA,NA,NA,NA,NA,NA,NA,NA,"","","","","ISSN: Tunnus aikaisemmin fk10404.","FRA",NA,NA,NA,"",1881-12-08,1914-10-24,1881,1914
"1705","1458-8595","FEN","","Tampereen Uutiset","","","SAN","","FI","fin","FEN","FEN","","A2",54,40,"1,5","","Tampereen Uutisten Oy","","04.12.1890","",NA,"23.12.1905","","",NA,"01.07.1891","PK","",NA,NA,NA,NA,NA,NA,NA,NA,"","","","","ISSN: Tunnus aikaisemmin fk14773.","FRA",NA,NA,NA,"",1890-12-04,1905-12-23,1890,1905
"1722","1457-4314","FEN","","Finlands Allmänna Tidning","","","SAN","","FI","swe","FEN","FEN","","A4",21,17,"2","","tuntematon","","03.01.1820","",NA,"31.12.1931","","",NA,"01.01.1888","","",NA,NA,NA,NA,NA,NA,NA,NA,"","","","","ISSN: Tunnus aikaisemmin fk10049.","FRA",NA,NA,NA,"",1820-01-03,1931-12-31,1820,1931
"1735","1458-0721","FEN","","Fredrikshamns Tidning","","","SAN","ALU","FI","swe","FEN","FEN","","A3",38,28,"2","","Tryckeri och Tidnings Ab i Fredrikshamn","","03.09.1884","",NA,"31.12.1910","","",NA,"03.09.1884","","",NA,NA,NA,NA,NA,NA,NA,NA,"","","","","ISSN: Tunnus aikaisemmin fk10062.","ANT",NA,NA,NA,"",1884-09-03,1910-12-31,1884,1910
"1790","0356-0724","FEN","","Hufvudstadsbladet","","","SAN","VAL","FI","swe","FEN","FEN","","A3",40,28,"1,1","Rullalle kahdenviikon lehdet. Jatkuvasti toiset painokset, mutta useasti myös kolmannet painoksetkin. Kerro vaihtosivut 2:lla ennen kuin lasket lopullisen valotus määrän.","Hufvudstadsbladet Ab","","05.12.1864","",NA,"","","",NA,"22.03.2004","","",NA,NA,NA,NA,NA,NA,NA,NA,"","","","","Ilmestymisaika: Lehti lakkautettuna 20.7.-20.8.1900 ja 23.-28.3.1903, sunnuntailiite lakkautettuna 17.7.-14.8.1904.","ANT",NA,NA,NA,"",1864-12-05,2020-01-01,1864,2020
"1791","0782-7024","FEN","","Karjala","","Valtakunnallinen karjalainen viikkolehti","SAN","VAL","FI","fin","FEN","FEN","","A2",56,40,"1,5","Vuoden lehdet rullalle, erillisliitteitä, joista osa rekisteriin osa vain kuvataan. Rullan pituus yli 700 valotusta.","Karjalan Kirjapaino Oy","","21.02.1903","",NA,"","","",NA,"03.01.1997","","",NA,NA,NA,NA,NA,NA,NA,NA,"","","","","Ilmestymisaika: Lakkautettuna 1.11.1917 - 1.5.1918.","ANT",NA,NA,NA,"",1903-02-21,2020-01-01,1903,2020
"1794","0357-1858","FEN","","Uusimaa","","","SAN","ALU","FI","fin","FEN","FEN","","A2",58,45,"2","","Suomen Lehtiyhtymä","","08.12.1894","",NA,"","","",NA,"01.01.2007","PK","",NA,NA,NA,NA,NA,NA,NA,NA,"","","","","Ilmestymisaika: Lakkautettuna 22.9.-23.10.1899 ja 9.4.- 6.6.1900. IKL:n lehtenä lakkautettuna 23.11.- 1.12.1938.","ANT",NA,NA,NA,"",1894-12-08,2020-01-01,1894,2020
"1796","1457-4721","FEN","","Uusi Suometar","","","SAN","","FI","fin","FEN","FEN","","A2",60,45,"1,5","","Uuden Suomettaren Oy","","04.01.1869","",NA,"31.12.1918","","",NA,"01.01.1888","","",NA,NA,NA,NA,NA,NA,NA,NA,"","","","","","FRA",NA,NA,NA,"",1869-01-04,1918-12-31,1869,1918
"1798","1458-0527","FEN","","Arbetaren","","Organ för Finlands Svenska Arbetare","SAN","","FI","swe","FEN","FEN","","A3",53,38,"1,5","","Tidnings Ab Arbetaren","","01.08.1900","",NA,"01.11.1907","","",NA,"01.01.1904","","",NA,NA,NA,NA,NA,NA,NA,NA,"","","","","ISSN: Tunnus aikaisemmin fk10015.","ANT",NA,NA,NA,"",1900-08-01,1907-11-01,1900,1907
"1808","1458-2279","FEN","","Laatokka","","Sanomia Sortavalasta ja Itä-Karjalasta","SAN","","FI","fin","FEN","FEN","","A2",60,45,"1,5","","Kustannus Oy Laatokka","","17.11.1881","",NA,"19.09.1914","","",NA,"01.01.1908","","",NA,NA,NA,NA,NA,NA,NA,NA,"","","","","ISSN: Tunnus aikaisemmin fk10250.","FRA",NA,NA,NA,"",1881-11-17,1914-09-19,1881,1914
"1812","1458-2333","FEN","","Louhi","","Tietoja Oulusta ja Oulun läänistä","SAN","","FI","fin","FEN","FEN","","A2",52,38,"1","","B.B. Bergdahl","","15.12.1890","",NA,"29.12.1906","","",NA,"01.01.1895","","",NA,NA,NA,NA,NA,NA,NA,NA,"","","","","ISSN: Tunnus aikaisemmin fk10269.","FRA",NA,NA,NA,"",1890-12-15,1906-12-29,1890,1906
"1871","1457-4292","FEN","","Björneborgs Tidning","","","SAN","","FI","swe","FEN","FEN","","A3",52,38,"1,5","","Björneborgs Tidnings- och Tryckeri Ab","","21.12.1872","",NA,"30.12.1965","","",NA,"01.01.1915","","",NA,NA,NA,NA,NA,NA,NA,NA,"","","","","ISSN: Tunnus aikaisemmin fk10022.","ANT",NA,NA,NA,"",1872-12-21,1965-12-30,1872,1965
"1876","1458-090X","FEN","","Kaiku","","Sanomia Oulun kaupungista ja läänistä","SAN","","FI","fin","FEN","FEN","","A2",52,38,"1,5","","K. F. Kivekäs","","17.11.1877","",NA,"15.10.1949","","",NA,"01.01.1893","","",NA,NA,NA,NA,NA,NA,NA,NA,"","","","","ISSN: Tunnus aikaisemmin fk10148.","FRA",NA,NA,NA,"",1877-11-17,1949-10-15,1877,1949
"1879","1458-0950","FEN","","Karjalatar","","","SAN","","FI","fin","FEN","FEN","","A2",59,43,"1,5","","Joensuun Kirjapaino Oy","","02.10.1874","",NA,"29.12.1917","","",NA,"01.01.1899","","",NA,NA,NA,NA,NA,NA,NA,NA,"","","","","ISSN: Tunnus aikaisemmin fk10195.
Karjalatar 1877 ollut Urajärven dublettikokoelmissa ja seuraavat lehdet, jotka puuttuivat 
varsinaisesta vuosikertasidoksesta kuvattu siitä:
1/15.1.1877,
6-12/9.2.1877 - 22.3.1877
14-30/6.4.1877 - 2.8.1877
32-37/10.8.1877 - 6.9.1877","FRA",NA,NA,NA,"",1874-10-02,1917-12-29,1874,1917
"1880","1457-4640","FEN","","Keski-Suomi","","","SAN","","FI","fin","FEN","FEN","","A2",54,40,"1,5","","Sanomalehti Oy Keski-Suomi","","07.01.1871","",NA,"29.12.1917","","",NA,"01.01.1892","","",NA,NA,NA,NA,NA,NA,NA,NA,"","","","","ISSN: Tunnus aikaisemmin fk14946.
Lakkautettuna 18.10.1899 - 18.12.1899.","FRA",NA,NA,NA,"",1871-01-07,1917-12-29,1871,1917
"1897","1457-4810","FEN","","Åbo Tidning","","","SAN","","FI","swe","FEN","FEN","","A2",53,36,"1,5","","Åbo Tidnings Tryckeri Ab","","09.12.1882","",NA,"30.12.1906","","",NA,"09.12.1882","","",NA,NA,NA,NA,NA,NA,NA,NA,"","","","","ISSN: Aikaisempi tunnus fk14903.
Lakkautettuna 16.6.-16.8.1901.
Koko: Koko vaihtelee lehden ilmestymisen aikana.","ANT",NA,NA,NA,"",1882-12-09,1906-12-30,1882,1906
"1904","k1","","","Apskats","","","SAN","","LV","lav","BAL","ERI","","",NA,NA,"","","tuntematon","","01.01.1903","K",NA,"31.12.1905","PK","",NA,"01.01.1903","","",NA,NA,NA,NA,NA,NA,NA,NA,"","","","","","",NA,NA,NA,"",1903-01-01,1905-12-31,1903,1905
"1930","k8","","","Balss","","","SAN","","LV","lav","BAL","ERI","","",NA,NA,"","","tuntematon","","01.01.1878","K",NA,"31.05.1907","P","",NA,"01.01.1878","","",NA,NA,NA,NA,NA,NA,NA,NA,"","","","","","",NA,NA,NA,"",1878-01-01,1907-05-31,1878,1907
"1932","k10","","","""Balss"" Literarisks Un Semkopibas Peelikums","","","SAN","","LV","lav","BAL","ERI","","",NA,NA,"","","tuntematon","","01.01.1894","K",NA,"31.12.1905","PK","",NA,"01.01.1894","","",NA,NA,NA,NA,NA,NA,NA,NA,"","","","","","",NA,NA,NA,"",1894-01-01,1905-12-31,1894,1905
"1938","k16","","","Baltijas Wehstnesis","","","SAN","","LV","lav","BAL","ERI","","",NA,NA,"","","tuntematon","","01.01.1868","K",NA,"31.12.1919","PK","",NA,"01.01.1868","","",NA,NA,NA,NA,NA,NA,NA,NA,"","","","","","",NA,NA,NA,"",1868-01-01,1919-12-31,1868,1919
"1948","k26","","","Deenas Apskats","","","SAN","","LV","lav","BAL","ERI","","",NA,NA,"","","tuntematon","","30.12.1905","",NA,"14.01.1906","","",NA,"30.12.1905","","",NA,NA,NA,NA,NA,NA,NA,NA,"","","","","","",NA,NA,NA,"",1905-12-30,1906-01-14,1905,1906
"1949","k27","","","Deenas Lapa","","","SAN","","LV","lav","BAL","ERI","","",NA,NA,"","","tuntematon","","01.01.1886","K",NA,"31.12.1914","PK","",NA,"01.01.1886","","",NA,NA,NA,NA,NA,NA,NA,NA,"","","","","","",NA,NA,NA,"",1886-01-01,1914-12-31,1886,1914
"1950","k28","","","""Deenas Lapas"" Feletona Peelikums","","","SAN","","LV","lav","BAL","ERI","","",NA,NA,"","","tuntematon","","01.01.1904","K",NA,"31.12.1905","PK","",NA,"01.01.1904","","",NA,NA,NA,NA,NA,NA,NA,NA,"","","","","","",NA,NA,NA,"",1904-01-01,1905-12-31,1904,1905
"1960","k38","","","Dsimtene","","","SAN","","LV","lav","BAL","ERI","","",NA,NA,"","","tuntematon","","01.12.1905","",NA,"31.01.1906","","",NA,"01.12.1905","","",NA,NA,NA,NA,NA,NA,NA,NA,"","","","","","",NA,NA,NA,"",1905-12-01,1906-01-31,1905,1906
"1970","k48","","","Jauna Deenas Lapa","","","SAN","","LV","lav","BAL","ERI","","",NA,NA,"","","tuntematon","","24.12.1905","",NA,"31.12.1915","PK","",NA,"24.12.1905","","",NA,NA,NA,NA,NA,NA,NA,NA,"","","","","","",NA,NA,NA,"",1905-12-24,1915-12-31,1905,1915
"1974","1458-2724","FEN","","Wiipurin Sanomat. Supistus","","","SAN","","FI","fin","FEN","FEN","","A2",58,44,"1,5","","Karjalan Kirjapaino Oy","","16.03.1901","",NA,"30.12.1909","","",NA,"01.07.1907","","",NA,NA,NA,NA,NA,NA,NA,NA,"","","","","","FRA",NA,NA,NA,"",1901-03-16,1909-12-30,1901,1909
"1981","k80","","","Latweetis","","","SAN","","LV","lav","BAL","ERI","","",NA,NA,"","","tuntematon","","06.01.1882","",NA,"24.12.1905","","",NA,"06.01.1882","","",NA,NA,NA,NA,NA,NA,NA,NA,"","","","","","",NA,NA,NA,"",1882-01-06,1905-12-24,1882,1905
"1996","k95","","","Libausche Zeitung","","","SAN","","LV","ger","BAL","ERI","","A2",NA,NA,"","","tuntematon","","01.01.1824","K",NA,"29.11.1914","PK","",NA,"01.01.1824","","",NA,NA,NA,NA,NA,NA,NA,NA,"","","","","","",NA,NA,NA,"",1824-01-01,1914-11-29,1824,1914
"2002","k101","","","""Mahjas Weesa"" Literariskais Peelikums Et ""Mahjas Weesa"" Semkopibas Peelikums","","","SAN","","LV","lav","BAL","ERI","","",NA,NA,"","","tuntematon","","01.01.1893","K",NA,"31.12.1905","PK","",NA,"01.01.1893","","",NA,NA,NA,NA,NA,NA,NA,NA,"","","","","","",NA,NA,NA,"",1893-01-01,1905-12-31,1893,1905
"2003","k102","","","Mahjas Weesis","","","SAN","","LV","lav","BAL","ERI","","",NA,NA,"","","tuntematon","","01.01.1856","K",NA,"29.12.1910","","",NA,"01.01.1856","","",NA,NA,NA,NA,NA,NA,NA,NA,"","","","","","",NA,NA,NA,"",1856-01-01,1910-12-29,1856,1910
"2061","k226","","","Postimees","","Nädala-Postimees","SAN","","EA","est","BAL","ERI","","A3",NA,NA,"","","tuntematon","","04.01.1886","",NA,"27.09.1940","","",NA,"01.01.1927","","",NA,NA,NA,NA,NA,NA,NA,NA,"","","","","","",NA,NA,NA,"",1886-01-04,1940-09-27,1886,1940
"2062","k227","","","Postimees Pärnu Väljaanne","","","SAN","","EA","est","BAL","ERI","","A2",NA,NA,"","","tuntematon","","01.01.1905","K",NA,"31.12.1923","PK","",NA,"01.01.1905","","",NA,NA,NA,NA,NA,NA,NA,NA,"","","","","","",NA,NA,NA,"",1905-01-01,1923-12-31,1905,1923
"2063","k228","","","Päevaleht","","Päevaleht","SAN","","EA","est","BAL","ERI","","A2",NA,NA,"","","tuntematon","","16.12.1905","",NA,"26.07.1940","","",NA,"01.01.1920","","",NA,NA,NA,NA,NA,NA,NA,NA,"","","","","","",NA,NA,NA,"",1905-12-16,1940-07-26,1905,1940
"2074","k239","","","Revalsche Zeitung","","","SAN","","EA","ger","BAL","ERI","","A3",NA,NA,"","","tuntematon","","01.07.1860","K",NA,"31.05.1940","","",NA,"01.07.1930","","",NA,NA,NA,NA,NA,NA,NA,NA,"","","","","","",NA,NA,NA,"",1860-07-01,1940-05-31,1860,1940
"2079","k244","","","Sakala","","","SAN","","EA","est","BAL","ERI","","A2",NA,NA,"","","tuntematon","","11.03.1878","",NA,"09.09.1944","","",NA,"01.01.1941","","",NA,NA,NA,NA,NA,NA,NA,NA,"","","","","","",NA,NA,NA,"",1878-03-11,1944-09-09,1878,1944
"2082","k114","","","Peelikums ""Baltijas Westnescha"" ... Numuram","","","SAN","","LV","lav","BAL","ERI","","",NA,NA,"","","tuntematon","","01.01.1897","K",NA,"31.12.1906","PK","",NA,"01.01.1897","","",NA,NA,NA,NA,NA,NA,NA,NA,"","","","","","",NA,NA,NA,"",1897-01-01,1906-12-31,1897,1906
"2087","k119","","","""Peterburgas Awischu"" Literariskais Peelikums","","","SAN","","LV","lav","BAL","ERI","","",NA,NA,"","","tuntematon","","01.01.1901","K",NA,"31.12.1905","PK","",NA,"01.01.1901","","",NA,NA,NA,NA,NA,NA,NA,NA,"","","","","","",NA,NA,NA,"",1901-01-01,1905-12-31,1901,1905
"2089","k121","","","Peterburgas Awises","","","SAN","","LV","lav","BAL","ERI","","",NA,NA,"","","tuntematon","","01.01.1901","K",NA,"31.12.1905","PK","",NA,"01.01.1901","","",NA,NA,NA,NA,NA,NA,NA,NA,"","","","","","",NA,NA,NA,"",1901-01-01,1905-12-31,1901,1905
"2094","k126","","","Rigas Awise","","","SAN","","LV","lav","BAL","ERI","","",NA,NA,"","","tuntematon","","15.07.1902","",NA,"31.12.1915","PK","",NA,"15.07.1902","","",NA,NA,NA,NA,NA,NA,NA,NA,"","","","","","",NA,NA,NA,"",1902-07-15,1915-12-31,1902,1915
"2095","k127","","","""Rigas Awises"" Beletristikas (Feletona) Peelikums","","","SAN","","LV","lav","BAL","ERI","","",NA,NA,"","","tuntematon","","15.07.1902","",NA,"31.12.1911","PK","",NA,"15.07.1902","","",NA,NA,NA,NA,NA,NA,NA,NA,"","","","","","",NA,NA,NA,"",1902-07-15,1911-12-31,1902,1911
"2112","k144","","","Semkopis (Zemkopis)","","","SAN","","LV","lav","BAL","ERI","","",NA,NA,"","","tuntematon","","22.01.1893","",NA,"24.06.1915","","",NA,"22.01.1893","","",NA,NA,NA,NA,NA,NA,NA,NA,"","","","","","",NA,NA,NA,"",1893-01-22,1915-06-24,1893,1915
"2114","k146","","","Stahstu Nodala. Peelikums Pee Latweeschu Awischu","","","SAN","","LV","lav","BAL","ERI","","",NA,NA,"","","tuntematon","","01.01.1893","K",NA,"31.12.1912","PK","",NA,"01.01.1893","","",NA,NA,NA,NA,NA,NA,NA,NA,"","","","","","",NA,NA,NA,"",1893-01-01,1912-12-31,1893,1912
"2122","k154","","","Tehwija","","","SAN","","LV","lav","BAL","ERI","","",NA,NA,"","","tuntematon","","15.08.1884","",NA,"31.12.1914","PK","",NA,"15.08.1884","","",NA,NA,NA,NA,NA,NA,NA,NA,"","","","","","",NA,NA,NA,"",1884-08-15,1914-12-31,1884,1914
"2123","k155","","","Tehwijas Feletons","","","SAN","","LV","lav","BAL","ERI","","",NA,NA,"","","tuntematon","","01.01.1889","K",NA,"31.12.1914","PK","",NA,"01.01.1889","","",NA,NA,NA,NA,NA,NA,NA,NA,"","","","","","",NA,NA,NA,"",1889-01-01,1914-12-31,1889,1914
"2126","k158","","","Wahrds","","","SAN","","LV","lav","BAL","ERI","","",NA,NA,"","","tuntematon","","28.04.1901","",NA,"31.12.1907","PK","",NA,"28.04.1901","","",NA,NA,NA,NA,NA,NA,NA,NA,"","","","","","",NA,NA,NA,"",1901-04-28,1907-12-31,1901,1907
"2127","k159","","","Walmeeras Sinotajs","","","SAN","","LV","lav","BAL","ERI","","",NA,NA,"","","tuntematon","","01.01.1898","K",NA,"22.08.1915","","",NA,"01.01.1898","","",NA,NA,NA,NA,NA,NA,NA,NA,"","","","","","",NA,NA,NA,"",1898-01-01,1915-08-22,1898,1915
"2233","1458-8803","FEN","","Österbottniska Posten","","","SAN","PAI","FI","swe","FEN","FEN","","A2/A3",29,44,"2","Lehti jatkoi aikakauslehtene 12.4.1968 lähtien aina 31.12.1985 saakka.","J. W. Nesslers Tryckeri","","13.12.1883","",NA,"31.12.1985","PK","",NA,"13.12.1883","","",NA,NA,NA,NA,NA,NA,NA,NA,"","","","","ISSN: Tunnus aikaisemmin fk14914.","FAN",NA,NA,NA,"",1883-12-13,1985-12-31,1883,1985
"2246","1458-6630","FEN","","Keski-Savo","","","SAN","","FI","fin","FEN","FEN","","A2",60,44,"1","","Etelä-Savon Kirjapaino Oy","","12.12.1903","",NA,"30.10.1919","","",NA,"01.01.1914","","",NA,NA,NA,NA,NA,NA,NA,NA,"","","","","ISSN: Tunnus aikaisemmin fk10202.","FRA",NA,NA,NA,"",1903-12-12,1919-10-30,1903,1919
"2248","1458-6584","FEN","","Otava","","","SAN","","FI","fin","FEN","FEN","","A2",56,39,"1,5","","V. A. Marjanen","","09.02.1904","",NA,"31.12.1909","","",NA,"01.07.1908","","",NA,NA,NA,NA,NA,NA,NA,NA,"","","","","ISSN: Tunnus aikaisemmin fk10323.","FRA",NA,NA,NA,"",1904-02-09,1909-12-31,1904,1909
"2258","1458-0748","FEN","","Koitar","","","SAN","","FI","fin","FEN","FEN","","A2",57,40,"1,5","","Uusi Kansan Kirjapaino Oy","","30.10.1899","",NA,"29.06.1907","","",NA,"01.01.1906","","",NA,NA,NA,NA,NA,NA,NA,NA,"","","","","ISSN: Tunnus aikaisemmin fk10215.","FAN",NA,NA,NA,"",1899-10-30,1907-06-29,1899,1907
"2262","1458-2481","FEN","","Mikkelin Sanomat","","","SAN","","FI","fin","FEN","FEN","","A2",51,38,"2","","Oy Mikkelin Sanomat","","07.12.1895","",NA,"19.12.1954","","",NA,"01.07.1944","PK","",NA,NA,NA,NA,NA,NA,NA,NA,"","","","","ISSN: Tunnus aikaisemmin fk10298.","ANT",NA,NA,NA,"",1895-12-07,1954-12-19,1895,1954
"2263","1458-851X","FEN","","Mikkeli","","","SAN","","FI","fin","FEN","FEN","","A2",52,38,"1","","Otto Bernhard Blomfelt","","01.11.1892","",NA,"28.02.1906","","",NA,"01.07.1902","PK","",NA,NA,NA,NA,NA,NA,NA,NA,"","","","","ISSN: Tunnus aikaisemmin fk10294.","FRA",NA,NA,NA,"",1892-11-01,1906-02-28,1892,1906
"2299","k60","","","Jaunas Deenas Lapas Feletona Peelikums","","","SAN","","LV","lav","BAL","ERI","","",NA,NA,"","","tuntematon","","24.12.1905","P",NA,"31.12.1915","PK","",NA,"24.12.1905","","",NA,NA,NA,NA,NA,NA,NA,NA,"","","","","","",NA,NA,NA,"",1905-12-24,1915-12-31,1905,1915
"2310","k71","","","""Latweescha"" Peelikums","","","SAN","","LV","lav","BAL","ERI","","",NA,NA,"","","tuntematon","","01.01.1904","K",NA,"31.12.1905","PK","",NA,"01.01.1904","","",NA,NA,NA,NA,NA,NA,NA,NA,"","","","","","",NA,NA,NA,"",1904-01-01,1905-12-31,1904,1905
"2311","k72","","","Latweeschu Awischu Basnizas Un Skolas Peelikums","","","SAN","","LV","lav","BAL","ERI","","",NA,NA,"","","tuntematon","","01.01.1902","K",NA,"31.12.1915","PK","",NA,"01.01.1902","","",NA,NA,NA,NA,NA,NA,NA,NA,"","","","","","",NA,NA,NA,"",1902-01-01,1915-12-31,1902,1915
"2312","k73","","","Latweeschu Awischu Semkopibas Un Saimneezibas Peelikums","","","SAN","","LV","lav","BAL","ERI","","",NA,NA,"","","tuntematon","","01.01.1902","K",NA,"31.12.1910","PK","",NA,"01.01.1902","","",NA,NA,NA,NA,NA,NA,NA,NA,"","","","","","",NA,NA,NA,"",1902-01-01,1910-12-31,1902,1910
"2314","k75","","","Latweeschu Awises","","","SAN","","LV","lav","BAL","ERI","","",NA,NA,"","","tuntematon","","01.01.1822","K",NA,"15.08.1915","","",NA,"01.01.1822","","",NA,NA,NA,NA,NA,NA,NA,NA,"","","","","","",NA,NA,NA,"",1822-01-01,1915-08-15,1822,1915
"2392","0782-6559","FEN","","Västra Nyland","","","SAN","ALU","FI","swe","FEN","FEN","","A3",43,32,"1,5","","Västra Nylands Tidningar Ab","","04.01.1889","",NA,"","","",NA,"01.07.2006","","X",NA,NA,NA,NA,NA,NA,NA,NA,"","","","","Sukupuu: Fennicassa ei ole eroteltu Vestra Nyland ja Västra Nyland - lehtiä erikseen, vaan niitä pidetään yhtenä lehtenä.","ANT",NA,NA,NA,"",1889-01-04,2020-01-01,1889,2020
"2468","1458-8560","FEN","","Tammerfors Nyheter","","Enda svenskspråkiga tidning i Tavastland","SAN","","FI","swe","FEN","FEN","","A2",60,45,"1,5","","Ab Tammerfors Nyheter","","30.12.1896","",NA,"01.04.1916","","",NA,"28.04.1911","","",NA,NA,NA,NA,NA,NA,NA,NA,"","","","","","ANT",NA,NA,NA,"",1896-12-30,1916-04-01,1896,1916
